model_name	model_order	p_val_group	p_val_interaction	full_beta_intercept	full_beta_group_1	full_beta_age	full_beta_age_x_group_1	noGroup_beta_intercept	noGroup_beta_age	noInteraction_beta_intercept	noInteraction_beta_group_1	noInteraction_beta_age
clau_lh	1	0.12984625099860825	0.2990346686220089	1868.137756210967	-62.3010530739266	-4.2057258780652935	2.9163489127930418	1833.878843830273	-2.5211907364572292	1843.579813456914	-20.05390433791207	-2.4986271835684857
clau_rh	1	1.5076584021223027e-06	0.4270083819730278	1832.2628102704275	46.463698467893124	-2.061955608616851	1.2812832850979639	1853.489983133983	-1.282135894597693	1820.8614600984474	65.77106190024494	-1.2987354015180175
